,Link,Title,Author,Author_Profile,Date_Time,Content
0,https://productnation.co/my/home-appliance/kitchen/8132/best-hand-mixer-reviews-malaysia/,Mix It Up with These 6 Top-Rated Hand Mixers,Haema,https://productnation.co/my/author/Haema/,2020-06-01 00:13:09,"['When you’re looking to make a fluffy omelette or a simple 3-ingredients cake, imagine the hassle of getting the bulky stand mixer out of the cabinet. With a hand mixer, it not only minimises storage space but is also much quicker to clean up.', 'Besides being much cheaper to purchase, you would definitely complete kitchen work faster, especially if the mixer is handy and easy to access. Here are the top hand mixers specially selected for you.', 'When choosing your trusted hand mixer, one of the most important aspects is to opt for an ergonomic design. It’s especially important for heavy users. The Phillips Hand Mixer HR1457 is designed to provide you with a comfortable, effortless grip and a quiet working motor. With powerful 5 speed settings and stainless steel strip beaters, you can conveniently use this hand mixer for long hours.', 'If you are on the lookout for a basic use hand mixer, the Russel Hobbs Desire Hand Mixer provides you with this mixing equipment that caters especially for simple kitchen needs. With 5-speed setting plus turbo function, this hand mixer is also attached with chrome beaters and dough hooks. Easy to use for cookie dough or cake batter mixing.', 'A popular Malaysian kitchen brand, the Panasonic MK-GH1 Hand Mixer is quite a retro choice, the most popular mixer in many households. The low power consumption and 5-speed function will be suitable for users who are new to learning the ropes of mixing and baking. You can quickly whip up batter without much hassle with this mixer.', 'The Kenwood HM520 Hand Mixer offers you a lightweight choice, it’s easy to carry and whisk the mixer according to your needs. With stainless steel twin beaters, this mixer is fashioned with 3-speed function and a pulse setting for a swift beating or mixing. The twin beaters are completely safe for your dishwasher, it comes with a grip clip for neat storage.', 'The KitchenAid 5KHM720 Hand Mixer is a professional kitchen helper, equipped with stainless steel turbo beaters, it effortlessly mixes the ingredients with lesser batter build-up. The 7-speed function allows you control while preparing the ingredients and enables you to create versatile dishes requiring high-speed mixing such as whipped cream. With its electronic mixing sensor, this mixer automatically adjusts the speed according to the resistance of the mixture.', 'Specifically fashioned for your home use, the Pensonic Hand Mixer PM-116 is a competent mixing machine for your kitchen. With 5 speed settings, it easily helps you with your various mixing or beating needs. The turbo-powered mixer is also light in weight and with a comfortable grip, suitable for mixing cookie and bread dough.']"
1,https://productnation.co/my/home-appliance/kitchen/6937/best-stand-mixer-reviews-malaysia/,Bake to Perfection with These Top 6 Stand Mixers,Haema,https://productnation.co/my/author/Haema/,2020-05-10 18:59:26,"['The stand mixer is a versatile kitchen equipment that is also your assistant for preparing the most basic cake recipe for high-skilled pastry making. Reliable with speed and power control, you can simply whip up baked goods without any mess or effort. A credible stand mixer will definitely make your baking easier. Here’s a range of the best stand mixers in Malaysia.', 'A durable kitchen aid for your dough mixing with a powerful motor system. Trio New Large Power Stand Mixer works wonders especially with producing varieties of breads and pastries. Optimizing on tilt-back lock, it provides easy access for mixture of ingredients.', 'This mixer efficiently kneads the stiffest dough, you will be able to work on any recipe of your interest. Noise-free for your long hours in the kitchen, your family will appreciate it too!', 'Catering for your home needs, you can simply add in all the required ingredients and mix your batter hands-free. The Kenwood HM680 Chefette Stand Mixer is a design precisely made for home bakers. Designed mainly for cake mixing, you can improve your baking skill with this mixer. The Chefette will assist you from mixing the simplest cake batter to controlled speed for creamy icing.', 'Commercially designed with sturdy and stable support, the KitchenAid Bowl-Lift Heavy Duty Stand Mixer works wonders in a professional kitchen. With ultimate speed and mixing control, repeated usage for a large batch of baked goods will not wear out this mixer. Effortlessly mix and prepare any variety of breads, cakes, biscuits or pastries of your choice with this mixer.', 'Your choice for a stand mixer on a budget, the Pensonic 5-Speed Stand Mixer is the basic mixing appliance for your kitchen. It is lightweight which allows comfort when handling it, and with the mini size it’s even suitable for your kids to work with you.', 'The swivel bowl and turbo power speed are suitable for all your mixing needs. Minimizing the space needed on your kitchen counter, you can now fresh cookies and cakes daily.', 'For all those freshly beginning baking enthusiasts, the Electrolux Stand Mixer EHSM3417 provides you with an easy-to-approach appliance. The stainless steel bowl and beaters are quick and easy to clean. Not to mention the 5-levels of adjustable speed leave you with no worries to keep this mixer under control.', 'This economical mixer gives you value for money and allows you to easily whip up batches of biscuits or prepare the perfect birthday cake for your family.']"
2,https://productnation.co/my/home-appliance/kitchen/27834/best-cheap-mixer-malaysia/,Cook and Bake Better with These 7 Best Cheap Mixers Not More Than RM150!,jannatul,https://productnation.co/my/author/jannatul/,2020-05-18 16:24:59,"[""It's no doubt that most Malaysians can cook their meals at home because of their love for food. Hence why owning the correct and good kind of kitchen appliance like a mixer is crucial. They can make food preparation and cooking pretty easy and fast."", ""Mixing ingredients especially for baking can be tedious and messy. With food mixers, they can save a lot of your time, plus you'll feel less tired at the end of the day. If not all, most mixers come with a set of beaters and hooks for multi-purpose usage. Therefore, it's easier when you want to make dough or any baking. Nevertheless, do check out some of these best quality but cheap mixers."", 'This Kenwood HM400 hand mixer comes with twin beaters that have five different speeds. It allows you to control the mixing process, while the automatic rotating bowl makes baking so much easier. On top of that, the twin dough kneaders can help you knead dough effortlessly.', 'Whether you are making cookies or savoury dishes, Kenwood’s HM520 hand mixer will make stirring and mixing hassle-free for you. It’s three mixing speed, and the pulsing feature with 280W power will make food preparation so much easier. This white beauty comes in a compact size so that you can easily store it without hassle.', 'This seven-speed hand mixer comes in white or black with stainless steel dough hooks and beaters. Its 180W motor has seven different speed settings to let you create a variety of mixture from bread dough to ice cream. The great thing about this hand mixer is that you can turn it into a stand mixer; you can use any bowls you like.', 'This Itata grinder is perfect for grounding meat and small food products. Food aside, you can also use it for your baking needs as well like grinding nuts, chocolate bars, and other solid condiments for your cake and pastries.', 'It comes with a super sharp blade, and its strong stirring power allows you to grind hard food fast to save time. The bowl can hold up to two litres of stuff so that you can make them in big batches.', ""Whether you are a professional or a home baker, this seven-speed cake mixer does come in handy. It comes with a pair of beaters and dough hooks, and a 2L stainless steel bowl for a big enough batch at a time. Besides, there's also a built-in cooling system that can expand the machine's life."", 'This mixer comes with a 3.4L bowl big enough for a load of food mixture. There is a spatula and two beaters and dough hooks, that lets you prepare cookie and bread dough as well. The turbo power burst feature mixes everything super fast, and the five-speed settings allow you different mixing requirements.', ""The aroma of freshly baked bread makes the morning better, and you can do that effortlessly with Tmishion bread dough mixer. This stylish mixer comes with a 1.8L stainless steel bowl and two pairs of beaters and dough hooks. There's also a built-in cooling and air passing system to make sure the mixer lives a long enough life."", 'More: 10 Cake Delivery Services That You Can Put Your Trust In']"
3,https://productnation.co/my/eats/food/27965/wedding-cake-chandelier-upside-down/,Remember That Wedding ‘Chandelier’ Cake? Now Check Out These 7 Extravagant Cakes!,Patrick Loh,https://productnation.co/my/author/patrick/,2020-02-27 11:55:15,"[""Credit: Image taken from the bride, Zahirah Macwilson's Instagram"", 'You’ve been to weddings where a garden of flowers hangs on the ceiling and seen one where clouds of smoke filled the floor (think, a heavenly wedding). Still, we doubt you’ve seen an upside-down, ‘chandelier’ wedding cake that hangs from the ceiling...because we haven’t, and this is definitely the cherry on the cake (pun intended).', 'Our favourite celebrity couple, Aiman Hakim Ridza and Zahirah Macwilson, had their wedding reception on 21 February with an extravagant, 8-tier wedding cake hanging high on the ceiling.', 'The ‘chandelier’ cake was then slowly lowered down, so the couple could cut the cake during the ceremony. Nope, not even a piece of cake or slobs of cream fell to the ground. They were very much intact.', 'Credit: Image taken from @mhdrzm90 on Twitter', ""So, what’s the science behind this? What’s going on up there? Keep calm, as we’ve got the answer for you. The cake is still very much the right side up, resting on a platform, like a plate, because the cake tier is designed like an upside-down Christmas tree. So the smallest cake rest on the bottom and the size increases gradually to the top. Thanks to @mhdrzm90 who solved the mystery on Twitter with the caption 'Thank Me Later'."", 'Credit: Image taken from theweddingscoop.com', 'The brains and talent behind this cake to remember goes to Lily & Lola Cakes, who are also responsible for Yuna’s gorgeous gold and white cake at her wedding with husband, Adam Sinclair. So if you ever need a cake for weddings, birthdays, anniversaries, or just for couch potato mode on Sundays, Lily & Lola Cakes can be your go-to bakery.', ""That aside, there were plenty of cake designers and talents out there who have made the most, over the top cakes. They are so extra that we don't even know if you should cut them to eat. Anyway, here are some for your enjoyment."", '1) LeNovelle Cake Castle', '', 'OTT cakes like these will definitely put your wedding on the map. But is anyone willing to cut even a tiny piece to eat? Nevertheless, your wedding will be the talk of the town with this cake.', '2) LeNovelle Cake House', ""Nope, this is not a house; the entire thing is a cake. How wonderful is this design? It looks like a house model you see in showrooms, except you can cut and eat this one. Although the baker is in Indonesia, perhaps you can look for a local baker to recreate something similar to this. For now, let's take some time to soak in the beautiful creation."", '3) Spring Bloom Cakes Shopping Bags', ""Another one from Spring Bloom Cakes and this time, it's for the shopping and fashion enthusiast. The creation is truly amazing as fondant is used to cover the soft and moist cake inside."", '4) Spring Bloom Cakes Rapunzel', ""Yes, this entire thing is a cake and it's perfect for Disney fans, both children and adults. It can be a gift, or for birthdays and anniversary parties."", '5) Lavish Cupcakes Pots and Kitchen Cake', 'This is probably the best cake to get for a chef or someone who enjoy cooking in general. The spatula, cooking accessories, pot and table cloth is made with fondant or sugar paste. Creative, huh?', '6) Lavish Cupcakes Sugar Rush Cake', 'Need something fun, colourful and sweet? Look no further than this sweetness-overload cake with lollipops and ice cream cones all over. it can be a birthday cake for the kids, or one for your quirky, adult friend.', '7) Jun and Us Flower Fondant Cake', ""Let's face it, fancy flowers and cakes are not as affordable as how they used to be back in the days. Not if you put both of them together like this flower cake. Made with fondant and real flowers, this cake comes in three flavours: Caramelized Cookies Buttercake, Oreo Chocolate Cake and Red Velvet Cake."", '8) Lily & Lola Cakes Naailah', ""A cake with a candle-lit lamp in the middle, why not? It would work as a great display at events where the lights are dim. If you're extra enough, use it for your candlelight dinner to create that romantic ambience."", 'Are you getting a little hungry looking at all these gorgeous, delicious cakes? Order yourself some via these cake delivery services in Malaysia. They deliver fast and are inexpensive. Some of them offer free delivery as well when you buy above a certain amount.', 'However, if you’re feeling a little more adventurous and inspired, make your own with these best cheap cake mixers that are below RM 150. Happy baking!', 'Whether you are making cookies or savoury dishes, Kenwood’s HM520 hand mixer will make stirring and mixing hassle-free for you. It’s three mixing speed, and the pulsing feature with 280W power will make food preparation so much easier. This white beauty comes in a compact size so that you can easily store it without hassle.', 'This mixer comes with a 3.4L bowl big enough for a load of food mixture. There are two beaters, dough hooks and a spatula, that lets you prepare cookie and bread dough as well. The turbo power burst feature mixes everything super fast, and the five-speed settings allow you different mixing requirements.']"
4,https://productnation.co/my/home-appliance/small/27865/best-budget-hand-blender-malaysia/,7 Best Budget Hand Blenders That Are Not More Than RM 150,kayshni,https://productnation.co/my/author/kayshni/,2019-11-25 17:12:31,"['With the rise in popularity of hand blenders, you can bid farewell to manual whisking with a wooden spoon for silky smooth soups, sauces, dips, and smoothies.  Hand blenders make food prepping more convenient as it does not require you to pour ingredients into a separate container; just immerse the hand blender into the blend. ', 'But that’s not all; most hand blenders come with a plethora of attachments so it can chop, grind, and mill just as well as how they blend. ', 'The hand mixer features either two or three mixing blades attached to it. Depending on its speed, the hand mixer can combine ingredients whether they’re wet or dry. These tools are a great addition to a baker’s arsenal as they can beat eggs, create icing, whip cream and combine batters with impressive results.', 'On the other hand, a hand blender is a long, cylindrical device that utilises several steel blades designed to mush things up. Its long body design allows it to be immersed into pots and bowls easily. ', 'A simple distinction between the two is that a hand blender turns things into liquid while a mixer will not liquefy anything.', 'Hand blenders are very versatile as you can use it for puree soups, prepare smoothies, and chop herbs and nuts as well. It can also be used to whip up ingredients but it does not incorporate enough air into the mixture as a mixer does. ', 'Want to give hand blenders a try? Save your time and some money with these best budget hand blenders.', 'The Philips Daily Collection Hand Blender HR1603/00 features a blending foot that utilises a specific triangular shape to create optimal flow with fast and consistent blending. Besides, it runs on a strong 500 W motor to power through sturdy ingredients. ', 'This blender also serves different purposes as it comes with a detachable chopper and a whisk. To top it off, maintenance is made easy with the 2-button release system to remove the blending bar for cleaning.', 'The Willsence 4-in-1 Hand Blender is just what you need to whip up smooth purees to make baby food. As the blender is made with stainless steel, it is completely safe for consumption for babies. ', 'Furthermore, the blade is covered by a housing that keeps splashing which helps to minimise mess. Also, if you’re constantly on-the-go then you’ll appreciate that the blending shaft, chopper, beaker, and whisk are all dishwasher-safe.', 'Equipped with 600 W of power, the SAMU GIKEN Multifunction Hand Blender can handle virtually any food item you throw at it. It features solid stainless steel blades which can prepare soups that are velvety in texture. Besides, its 8 variable speeds control will allow you to mash potatoes to achieve a smooth consistency while preventing the mash from turning into mush.', 'Whipping up a batch of homemade juices and smoothies has never been easier with the Kenwood Triblade HDP102WG. Its 600 W motor gives the blender the oomph it needs to blitz tough vegetables and fruits. ', 'This hand blender utilises three-angled blades to ensure that all ingredients are blended consistently without any chunky or lumpy bits in the blend. Plus, its turbo function may come in handy if you want to crush some ice into your concoction.', 'Into baking? The Panaletrik Multifunction Hand Blender comes with a wire-whisk attachment so you can incorporate air into ingredients like egg whites, cream, light cake mixtures or muffin batters. This blender features a stainless steel blade that’s powered by an 800 W motor to make any dessert and mixtures imaginable. To add another layer to the blender’s utility, it also includes a chopping bowl that can be used to effectively grind nuts.', 'The strong 600 W motor on this SOKANY Hand Blender helps in efficiently blasting the fat and lye into smaller droplets so that they can saponify sooner. Its bottom rim of the blending shaft does not have grooves on it which allow the soap batter to trace quickly and more evenly. Plus, the shaft is made of stainless steel so it will not corrode when exposed to strong alkalis during the soap making process.', 'Thanks to Russell Taylors’ Hand Blender Set 600W HB-6, you can skip the trip to your local barista and top your hot drinks with home-made frothed milk. ', 'This blender comes with a tall yet narrow jar to achieve sufficient froths without overfilling while the foam rises nice and evenly. It also features an ergonomic handle that allows you to comfortably raise and lower the hand blender to properly aerate the milk.']"
5,https://productnation.co/my/lifestyle/19404/best-wedding-gift-malaysia/,10 Wedding Gift Ideas Malaysian Newlyweds Will Approve Of,glysentte,https://productnation.co/my/author/glysentte/,2019-01-17 07:56:49,"['Clueless when it comes to gifts? Some people complain that buying wedding gifts is the hardest thing to do. Fret not as we hook you up with the best presents for your friends and family. To splurge or not, it’s up to you.', 'If you are a bridesmaid and looking for a gift box for your friend and her spouse, get this one. Inside the gift box, there is a cotton towel, jasmine and mint scented diffuser as well as a pair of Eiffel Tower Coasters. It even comes with a greeting card inside so you don’t need to get one separately. Hooray, the perfect gift in one box.', 'Many people prefer a slow juicer to an old-fashioned blender, as this way, the fruits retain its vitamins and natural nutrients which is healthier for the body. A new bride needs one of this to maintain a healthy body and to detox from the food and drinks that she had during her wedding night.', 'You don’t need to get your friends expensive wedding gifts if you can’t afford it. Towels are one of the most affordable gifts for a wedding. 100% cotton and super water absorbent are the qualities that we look for in towels. How about that for a gift that doesn’t break the bank? It’s the thought that counts.', 'Why bother whipping and mixing your dough by hand when you can get a Khind Mixer? Get the bride a mixer as a wedding gift, so she doesn’t have to get her hands dirty. The mixer comes with a five-speed setting, perfect for both a beginner and an avid baker.', 'The easiest wedding gift to pick out for a best friend and a sister is lingerie. Oh, why? Because we already know their size, and we know they need lingerie for their honeymoon. We as best friends and sisters need to make sure they look good on their first night because the more skin they show, the better.', 'What a better way to show love than with time? Engrave your parents’ names on both the watches and show your timeless love by gifting both of them this set of couple’s watches. It will make the sleekest gift ever, and it will always be their thing, now and forever, just like their vows to one another.', 'This is the ultimate gift for watch connoisseurs. This six-slot display storage box is the perfect throne for their precious babies. Their watches are free from scratches and dust, just the way they like it. With this PU leather case, they will be able to display their watches while minimising the risk of damage.', 'Did you know that a glass shape does affect the flavour of wine? Enhance your favourite couple’s wine tasting experience by giving them a set of crystal glass for their wedding - best for Cabernet Sauvignon but is also suitable for other wines as well. Take one sip and voila, a taste of heaven.', 'A brother’s best friends are his siblings, and who knows him better than them? If your brother is a busy man, get him this shaver, as it will save him a lot of time in the morning, and night, with its wet and dry feature. He can even carry it in his bag and shave in the car before work if he’s adventurous enough.']"
6,https://productnation.co/my/home-appliance/small/11148/best-immersion-handheld-blender-malaysia/,Prepare Smoothies In a Jiffy With These 8 Handheld Blenders,Haema,https://productnation.co/my/author/Haema/,2019-08-01 11:47:30,"['A versatile kitchen gadget, the immersion blender is possibly the coolest tech in the wide range of cooking appliances. From velvet silk smoothies to a pureed soup, handheld blenders do wonders for you. What’s more, it’s portable and easy to store. Here are our top picks for amazing handheld blenders.', 'The Russell Taylors Multifunctional Hand Blender is the perfect kitchen helper for mothers. The sharp blades and multiple speed settings present you wonderfully amazing baby food with a smooth and silky consistency. Avoid accidental chunks in your child’s meal. You can even blend those unwanted veggies in the soup for fussy kids.', 'Joining the ranks of expert kitchen appliances, the KitchenAid Hand Blender is a must-have helper for a professional cook. Designed with a Removable 8” Blending Arm with Fixed Blade, you can certainly prepare an array of gastronomical delights without any hassle. From the smooth blending of milkshakes to soups or a quick buzz for salads and salsas, the S-shaped blade would blend the ingredients skilfully.', 'The Braun Soup Hand Blender features the PowerBell technology which blends finely and evenly. The ultra-hard stainless-steel blades ensure fast and efficient blending, reducing the suction. With the floral-bell shaped blades, you can blend soups and hummus thoroughly – no large unblended chunks. Prepare icy cold smoothies with frozen fruits competently mashed up by this proficient immersion blender.', 'From homemade sauces to fruit smoothies, the HG Double Speed Mini Hand Blender is an expert in blending. With a quick release detachable base, cleaning is made easy. It is very comfortable to use with a  one-speed setting, suitable for all kinds of meal preparation. It may be mini in size, but it gets the job done!', 'More: 8 Personal Blenders You Can Make Your Favorite Smoothies With', 'The notable brand Panasonic delivers the Handheld Immersion Blender high in performance with multiple functions. Equipped with a Four-Blade cutting system, you can whip up eggs in a matter of minutes with comfort to make delectable meringues. Immerse the blender into the egg whites and blend them till they form stiff glossy peaks, perfect for your pastry making. Blending smoothies is also no problem with this immersion blender.', 'Without burning a hole in your pocket, you can purchase a high-quality hand blender to prepare everything from soup to smoothies. The Philips Promix Hand Blender features a strong and durable motor to create perfectly smooth soup to shakes. With a slim grip and triangular-shaped discs, you can conveniently optimise the blending for all your culinary needs.', 'Durable and made for heavy-duty usage, the Breville Control Grip Stick Mixer is a trustworthy aid for your kitchen exploits. Select your speed and efficiently manage the texture from fine or medium to coarse for your soups, guacamole, and smoothies. This handheld blender also comes with a blade guard to prevent scratches on your kitchenware.', 'With this versatile handheld blender, you can manoeuvre through your food preparation effortlessly. It offers you an immersion blender which is lightweight and ergonomically designed for your cooking comfort. One press of a button and your home-cooked meal will look like professional gourmet cuisine with ease.  ']"
7,https://productnation.co/my/home/kitchen-dining/16535/best-kuih-raya-baking-utensils-malaysia/,Make Raya Biscuits Like a Pro with these 10 Baking Utensils,ilianasreen,https://productnation.co/my/author/ilia/,2020-05-27 12:58:26,"['Is it even Hari Raya without some Tart Nanas, Samperit, Bahulu and other cookies? Let’s make it a remarkable Hari Raya by making your own Kuih Raya from scratch! You definitely don’t want to miss out on these important appliances and tools for baking your kuih.', ""Garnishing your cake and pastry with sugar icing can be a very messy process. Save yourself the trouble of cleaning up with this sifter. Besides, it's also a great way to remove clumps and debris from flour. "", 'More: Bake to Perfection with These Top 6 Stand Mixers', ""This adjustable rolling pin makes it easier for you to roll out the dough of cookies, pie crusts and pizza to a uniform thickness. It's much more hygienic as it will not absorb colours, odours or flavours. Furthermore, you don't even need to crowd your kitchen cabinets with rolling pins of different shapes and sizes. Additionally, the rolling pin's spacer will be not split or crack after many uses under heat and water."", 'Let’s go way back to when our grandmothers would make bahulu on their own to serve the guests because anything freshly made is always the best choice. This bahulu mould is one of the traditional tools used to make kuih Raya back in the day. It’s durable and easy to wash, so you have no excuses not to make bahulu every year!', 'Who here agrees that mixing and whipping your cookie batter is a form of a workout? Let’s skip all that, especially while you’re fasting, by using this mixer by Khind with a 5-speed setting for making dough, beating eggs and mixing to increase the production of your cookies. With this, all your guests can enjoy your home baked goods.', 'I bet no one can recall any house that doesn’t serve pineapple tart. Why don’t make your very own Tart Nanas specially baked from the heart to all your guests on Hari Raya? This durable mould can help you to make a perfectly shaped tart to serve this festive occasion.', 'More: Measure Your Ingredients Precisely with These 8 Digital Kitchen Scales', 'This measuring spoon set helps you measure small amounts of ingredients precisely – you don’t have to eyeball it anymore. It comes in a set of six with measurements ranging from half a teaspoon to one cup. Additionally, the cheerful assortment of colours is also sure to brighten up your kitchen!', 'The heart of cooking is putting in the correct amount of ingredients. The easy way to never go wrong is by measuring your own ingredients according to the recipe. This electronic kitchen scale comes with a bowl for you to weigh the ingredients needed. Plus, digital numbers are easier to be read compared to analogue scale, yes?', 'More: Conveniently Toast and Grill with These 7 Toaster Ovens', 'If you are aiming to make some samperit this Hari Raya, we’ve got just the thing for you. This is the Holy Grail product for achieving that perfect samperit shape. Making Raya biscuits have never been this easy!', 'Pouring batter into cupcake paper holders can get messy, and the clean up is tedious. Thankfully, this batter dispenser jug will make your job easier; loading your mixture will be a breeze. Besides, you can even add small berries and chocolate chips to your jug for dispensing.', 'Well, of course, an oven is the most important tool to make it all happen. This oven by Trio has an extra-large capacity so that more cookies can be baked at one time. Even when Raya season is over, it still can be used to prepare other food such as pizza and steak because it’s able to bake, grill, cook, and roast!', 'More: 13 Mouthwatering Raya Biscuits and Kuih You Can Buy Online']"
8,https://productnation.co/my/tech/gadgets/22804/best-external-sound-card-malaysia/,8 External Sound Cards for the Most Immersive Audio Experience,lirong,https://productnation.co/my/author/lirong/,2019-01-11 09:12:49,"['Most personal computers these days are multimedia ready with their sound capabilities already built in. This might lead you to ask what the purpose of a sound card is then.', 'A sound card can help to upgrade and enhance the sonic capabilities of your computer. It can also repair any audio problems that might be found in your computer. In fact, a good sound card allows you to fully experience activities such as games and movies on your computer. It also allows professionals to input sounds to be edited.', 'Check out some of the top external sound cards available in the Malaysian market below:', 'K-Mic’s external USB sound card works with all versions of Windows from 98SE and up. Users just need to plug in and let Windows install the appropriate drivers. This card is also compatible with your computer’s Bluetooth to stream audio to any speaker or headphone and provides high-quality audio for your computer.', 'The Alesis IO4 is a four channel USB device equipped for both Mac and PC users. Users of the IO4 can record and monitor four channels in 16-bit mode or two channels in 24-bit mode. The audio mixer can be controlled via physical controls on the unit or within the software interface.', 'Apart from the four analogue and digital input and output connections, the IO4 also comes with MIDI input and output ports for direct connection to MIDI-compatible instruments. As a sound card targeted at professionals, it also comes with a comprehensive sound editing suite a copy of the Steinberg Cubase Digital Audio Workstation (DAW) - one of the best and most popular DAW for composing, editing, recording and mixing audio.', 'The IO4 truly turns your computer into a mobile recording studio.', 'The SB1140 is Creative’s lower-end external USB 2,0 Sound Blaster. It is aimed at general computer users more than gamers. While it can still be used to enhance the audio from your games, using it to listen to music is what this sound card is best for.', 'The output from this 7.1 HD 24-bit/192 kHz, 120dB device is tailor-made to allow you to enjoy high fidelity music regardless of the genre from metal to classical. Simply tweak the sound settings on the Creative software mixer to suit your needs!', 'The Xonar U5 is a compact 5.1 channel surround sound USB external sound card. It provides 192 khz/24 bit HD sounds and utilises C-Media’s CM6631A Sound Processor to provide clear and detailed audio for gaming, music listening, movies or even DJing.', ""The sound card features an independent mic, master volume controls for instant audio adjustments, and integrated amplifiers for better audio performance. There's also Sonic Studio software included, and it works with Windows 7 and above."", 'The XONAR U7 MKII is one of Asus’ best external USB 2.0 sound cards available today. It features true 7.1 channel, 192kHZ/24 bit HD surround sound capabilities, and utilises a C-Media 6632AX HD Sound Processor.', 'This sound card also allows users instant audio adjustments to enhance both game and media playback experience. This can be achieved through the earphone and microphone volume controls, as well as the clickable controls between earphones and speakers.', 'It also comes with the Sonic Studio Software for sound editing and Sonic Radar Pro for mapping opponent’s locations in FPS games. The connection can be secured via analogue jacks, RCA, line in and digital inputs. Compatible with both Windows 7 and Mac OS X.', 'CLiPtec’s U-Sound BMA230 is a simple to use USB Virtual 7.1 Channel sound card. It has been designed to provide 7.1 channel and 3D sound capabilities to your computer. To use, just plug-and-play; no drivers are required at all. Once plugged in, connect a microphone to enjoy karaoke in 7.1 channel sound. This device works with all versions of Windows from Windows ME onwards.', 'Creative’s Sound Blaster is the generic driver for sound cards around the globe. Their latest offering - the pocket-sized BlasterX G5 is a USB 2.0/3.0 device. The 7.1 HD 24-bit/192kHz, 120dB audio soundcard is targeted squarely at the gaming industry and is designed to work on both Windows or MAC OS-based computers. It is also compatible with the Sony PS4 console.', 'The G5 has several connectivity methods and also comes with a recording software, despite its primary target audience being gamers.', 'Although Steel Sound is a newcomer in the sound card scene, their budget-priced 5Hv2 is raising some eyebrows. The USB 2.0 compatible card is equipped with a 16-bit ADC mic input and line in and can sample sounds at 1.48K/44.1 KHz.', 'The 5Hv2 also supports Xear3D, DS3D and EAX2.0 and provides true 7.1 Channel sounds. While this card is not compatible with Linux or Mac OS, it works perfectly for Windows users from Windows 98 onwards.']"
9,https://productnation.co/my/tech/gadgets/8072/best-laptop-desk-stand-malaysia/,Use Your Lappy in Comfort with these 8 Laptop Stands,Aaron,https://productnation.co/my/author/aaron/,2019-01-29 08:17:58,"['Why settle for a measly desk to place your laptop on when you can go for a laptop stand? As such, you’ll get the most out of your work when you use one. Here’s a list of the best laptop stands that should be on your shopping cart.', ""This multi-functional laptop stand is large enough to house your 17-inch notebook, allowing you to turn your table, couch, and even your bed into your workstation. Made with aluminium, it’s lightweight, durable and corrosion-resistant, hence the portability and not to mention, it's long-lasting as well."", ""Looking for a laptop stand that's the epitome of portability? Well, look no further than the Xgear A8 stand. It's light and compact; you can slide it into a laptop bag and always have it by your side. Plus, with the mouse pad, pen holder and cup platform, owning this laptop stand will make things so easy for you."", 'Made and designed in Indonesia, this adjustable laptop stand is the best if you wish to bring it to your office. It has a mouse pad feature, so you can effortlessly glide your mouse on it to jumpstart a productive day at work. Also, you can bid farewell to your non-adjustable office desk when you have this baby at hand.', 'Sitting in front of the PC all day might give you back pain and neck pain, DiiZiGN Laptop Stand Model N is here to save the day. It’s ergonomically designed to tilt at an angle of 18 degrees, which promotes right seating posture. So, prepare to say hasta la vista to body pain.', 'Besides, you can easily mount your smartphone and have it side-by-side with your laptop. Pretty sweet, huh? The surface of the laptop stand is topped off with an anti-slip rubbery design which prevents your laptop from shaking and falling off the stand.', 'From the ""Middle Kingdom"" comes this simple laptop stand. Made from aluminium alloy, this stand is both sturdy and strong enough to handle the weight of any laptop you place on it. Equipped with three knobs, you can adjust both angle and height however you want them to be – making it ideal for bed-use.', 'With USB fans in its arsenal, this laptop stand can cool your laptop down effectively and efficiently. The additional ventilation holes on the stand will surely dissipate heat quicker than you can say, “Hooray”!', ""Would love to own a laptop stand but money is an issue? Well, you won’t have to go broke with this laptop stand that's produced from ABS material that's robust and sturdy in construction. It has a longer lifespan compared to other laptop stands, plus you can also fold it in half like paper for easier storing."", 'An innovative computer like the MacBook Pro must be paired with an equally innovative laptop stand. What makes it innovative is the two auto-lock buttons on each side for height adjustment and two clamps for angle adjustment. Besides the MacBook Pro, it can also house large gaming notebooks and still have enough room to spare for a gaming mouse.', ""A laptop stand that's fit for a DJ must be able to securely house a laptop, mixer and other DJ equipment and the Pyle PLPTS55 fits the description. Equipped with a 4-prong anti-slip tray, this stand can securely hold your laptop, turntables and mixer without budging, so you can worry less about your equipment and focus more on DJ-ing."", ""You can place all your essentials in one place and gain access to all of them whenever you want with the additional two shelves and dual-arms. It's light and foldable and comes with a carrying case - easy for a DJ to bring it from one show to another.""]"
10,https://productnation.co/my/home/kitchen-dining/25252/best-meat-grinder-malaysia/,Grind Like a Butcher With These 7 Best Meat Grinders,lirong,https://productnation.co/my/author/lirong/,2019-01-03 08:12:02,"['A meat grinder helps to speed up the job of mincing meats whether for home or business. As such, there are many different kinds of meat grinders out there. They all differ in terms of power, efficiency, reliability, shape and volume.', 'Choosing the right one for you can be confusing. No worries; below are some of the best available options to fit your cooking needs.', 'This low-cost solution is perfect for those who don’t have large volumes of meat to grind but still want the convenience of an automated electric powered meat grinder. The 3-litre capacity grinds enough meat for 2 people. As opposed to the traditional hopper fed meat grinder, this multifunction grinder works like a normal food processor.', 'It also has stainless steel dual blades to shred the meat to the required consistency. While there’s no timer, the grinding vessel is transparent, so you can easily see when to turn the machine off. The versatile grinder can also be used to mince other items such as fruits and vegetables.', 'With a powerful 300W motor and compact traditional build, this meat grinder can work on 1kg of minced meat per minute, ideal for medium volumes of continuous grinding. You can be assured of its capability to grind well thanks to the stainless-steel blades. The grinder is made of food grade aluminium, industry grade ABS, and powdered metal.', 'If you’ve got bones to grind, you can easily do it with the Panasonic MK-MG1500 meat grinder. The MK-MG1500 features a robust and powerful 1500W power to make short work of any meat and bones you throw at it.', 'Its durable stainless-steel cutting blades are tough enough to handle hard grinding on a regular basis. However, it would be wise to keep a spare grinding blade if you intend on doing so daily.', 'This electric meat grinder is not just powerful, but also easy to use and clean. Crafted from durable stainless steel including its metal gears, the grinder uses powerful motors to mince meats.', 'Have tough or big meats? There are three different grinding plates at 1.5mm, 2mm and 3mm for you to use. The wide loading tray is also useful, as you can cram more meat at one go.', 'For an all-purpose cooking tool, this 3-in1 hand mixer, blender and meat grinder is one to consider. It comes with all the necessary attachments to suit the task at hand. Because of its multi-functions, the see-through container allows you to check your meat or ingredient for the right consistency.', 'A 400W 2-speed motor powers the grinder. Together with its tough stainless-steel blades, you can make some pretty mean meat in no time. As a bonus, the attachments are all dishwasher safe for easy cleaning after use.', 'If you’ve got a pet cat that you’d rather feed raw food to such as fish and chicken, this manual hand-cranked meat grinder is for you. It’s quite a convenient grinder to have, as it’s easy to operate, store and clean.', 'To use, just put the meat into the hopper and turn the handle. Its stainless-steel blades ensure perfect minced food for your cat every time. The low cost also means you won’t have to spend a bomb just for your pet.', 'Pet dog is sick of dry food? Why not grind some raw meat with this durable manual meat grinder?', 'With stainless-steel blades and three different settings to suit the kind of meat for grinding, you can churn up a large batch of dog chow in no time at all. It’s super affordable, so you don’t have to fret about overspending on Fido.']"
11,https://productnation.co/my/home-appliance/small/6118/best-blender-brands-reviews-malaysia/,9 Blenders to Help Speed Up Your Dinner Prep,Haema,https://productnation.co/my/author/Haema/,2019-02-25 09:14:11,"['A must-have home appliance, the blender is certainly a versatile kitchen helper. It conveniently allows you to prepare any meal of your choice within minutes. Chop, process, blend, mix, puree and juice ingredients of your choice just the way you like it. Prepare varieties of dishes and beverages efficiently with the blender with this selection of the best blender brands in Malaysia.', 'Resilient and competent to handle heavy-duty performance, the Tefal Blender 1.75L Blend Force would complete your blending, mixing, or grinding in seconds. With the Tripl’Ax technology, 6 blades and 3 combined actions, your cooking will be efficiently completed in record time. Certainly, your trustworthy kitchen aid which ultimately reduces your effort.', 'It will only take you a few seconds to completely crush any vegetable or fruit into smooth blends with the Innofood Heavy Duty Blender. Combine frozen fruits, fresh greens with soy or milk to create healthy shakes. The high-quality stainless steel 2-tier blade is powerful enough to grind, blend and thoroughly mix any smoothie of your taste. This blender is equipped to handle high duty performance for continuous and large quantity usage.', 'More: Prepare Smoothies In a Jiffy With These 8 Handheld Blenders', 'The ideal Malaysian choice, the Philips Sambal Maker is the best option to safely blend chillies for your everyday meal preparation. With the 4-star blade technology, you can either blend fresh chilies to a wet ingredient or even mill the chilies for a dry ingredient. With the 2 speed and pulse system, you will be amazed to see fresh ‘sambal’ catered to your taste in seconds.', 'Philips Food Processor is a top-rated blender for preparing large portions of meals in mere seconds. It uses a powerful precision function with 2-speed settings and pulse control to chop, blend and emulsify fresh ingredients. This blender is also accessorized for perfect dough preparation, mixing cake batter and even fluffing egg whites. Your perfect kitchen helper indeed.', 'This blender by Sharp is great for those on-the-go, just blend and takeaway. The portable bottle allows you flexibility and convenience for those that want to bring their drink with them. This personal blender is not just for fruits, it can blend and break ice as well.', 'The best option for economical home usage, the Khind Blender Juice Extractor is a needed companion in the kitchen. A complete helper great for daily use with anti-slip footing, jar safety lock, stainless steel blades and 4-speed function. You can prepare pastes, sauces, and spice or grain blends without any difficulty. Suitable for your everyday lifestyle.', 'Bear QSJ-02R1 Food Processor features stainless steel, S-shaped, 4 high-level sharp blades to perfectly chop, mince and puree ingredients. With the one-touch operation system, you can mix salad ingredients, salsas, hummus dips and pesto dressings without any hassle. It is both multipurpose and easy to handle with the comfortable design, a suitable everyday blender for versatile food making.', 'Specifically catering for baby food preparation, the Baby Food Processor Blender Mixer is an innovative technology to assist parents. Specially designed to blend fruits and vegetables, you can prepare food according to your needs.', 'With options to finely grind and pulse, you can prepare pureed meals or easy-to-chew dishes for your babies and toddlers. It stays completely fresh with its sealed lid and is safe to store in your refrigerator or freezer.', 'Designed with your comfort in mind, the Breville BSB510 Hand Blender is equipped with sharp blades and an ergonomic handle. Instead of using excessive force, this hand blender allows you to purify and blend ingredients with minimal effort. From a simple concoction to gourmet soups, you can completely depend on Breville to assist you. It is dishwasher safe and the detachable parts are easy to clean.', 'More: 8 Personal Blenders You Can Make Your Favorite Smoothies With']"
12,https://productnation.co/my/tech/computing/27725/best-speaker-malaysia/,The Top 10 Best Speakers To Own For All Music-Lovers,kayshni,https://productnation.co/my/author/kayshni/,2019-08-13 19:19:10,"['Whether you need it in the car, at home or on-the-go, there’s bound to be a speaker that gets the job done for you. However, the market is saturated with tons of choices so picking the right one can be a daunting task. ', 'We’ve listed below he best speakers in the market, ranging from Bluetooth to bookshelf varieties.', 'You can hype up the atmosphere at any beach or pool party with the ruggedly-designed JBL Flip 4. The durable fabric material that wraps around the speaker is not only waterproof; it also fends off dust, dirt, and sand. ', 'As far as sound quality is concerned, the Flip 4 is capable of producing sounds with powerful bass, crisp sounds at maxed-out volumes, and loud vocals in the mid-range.  The Flip 4 can even last up to a whopping 12 hours thanks to its 3000mAh rechargeable Li-ion battery.', 'The Logitech Z623 makes gaming on your PC much more immersive with its powerful 2.1 speaker system that has the ability to bring out 3D-esque sounds. This Logitech Z623 houses a convenient RCA and two 3.5 mm inputs so you can connect up to three audio devices at a time. ', 'Powered by an impressive 200W, the sounds remain clear and undistorted even when the volume is dialled up a notch. On top of that, get ready for some room-shaking rumbles courtesy of the 130-watt subwoofer’s ability to produce thunderous bass.', 'At an affordable price tag, the Alpine SPS-619 features some of the best audio quality in the market to play your favourite soundtracks on road trips. The Alpine SPS-619 excels at high-frequency ranges, producing impressive sounds that are loud and not shrill. As for the mids, the SPS-619 churns out music that sounds incredibly detailed and clear. ', 'On top of that, you can bop to the beat with the SPS-619’s ability to produce accurate bass tones. In addition, the dimensions of the speaker are suited to most cars so the installation process should be easy.', 'Skip the trip to your local karaoke box and sing your heart out at home with the Sony MHC-V71D. Besides streaming music from mobile devices via NFC and Bluetooth, the speaker features an input for USB flash drives, a DVD player and an HDMI output. If you fancy, duets are made possible with the two microphone inputs available for karaoke.', 'Unleash your inner rock star as the Sony MHC-V71D can even double as an amplifier when you plug in your guitar to one of the inputs. The speaker also has a 360° Party Light function to create a nightclub-like atmosphere. Above all, it has the ability to produce incredibly loud and clear sounds with bass reproduction that will make your bones rattle.', ""From full orchestral to rock 'n' roll, you can rest assure that the Q Acoustics 3020 speaker delivers refined yet dynamic sounds every time. Experience the bass drops in your favorite tunes like never before courtesy of its large diameter bass cone and huge cabinet volume."", 'With its precision laser-cut steel construction and white satin paint finish, the Q Acoustics 3000ST is a perfect aesthetic match for the Q Acoustics 3020 speakers. Besides, for more accurate sounds, the support columns are filled with acoustic wadding inserts to damp the entire stand and prevent them from ringing.', 'At a price tag that won’t bleed you dry, the Havit M13 is the king of connectivity with its support for Bluetooth Connection, a slot for Micro SD card and an input for AUX. If you are wondering, the Micro SD card slot supports MP3 format music. Otherwise, feel free to connect to its 3.5mm audio port with your music player/phone. ', 'With Bluetooth 4.0, you can skip the wires altogether and easily pair your device with the speaker wirelessly. Through its built-in 2000mAh rechargeable battery, you are getting your hands on an impressive 6 hours of playback time.', 'Be it land or water, the waterproof JBL Clip 2 is convenient to carry around with its impeccably lightweight and rugged design, as well as its nifty built-in carabiner. The Clip 2 can pair with any Android or iOS device so you can stream music wirelessly via Bluetooth 4.2. ', 'Don’t worry if your device does not support Bluetooth, the Clip 2 has an integrated 3.5mm audio cable that you can use to plug into your device. Plus, this speaker is host to a noise and echo-free speakerphone so you can take crisp and clear calls with just the touch of a button.', 'Take your show on the road without the hassle of wires courtesy of the all-in-one portable JBL EON208P PA system that features Bluetooth connectivity. Thanks to its 8-channel detachable mixer that features a professional I/O and intuitive controls, the JBL EON208P allows you to fine-tune sounds to cater to the specific venue. ', 'Powered by 300 watts, the twin 8″ speakers have the juice needed to produce sounds that are not just loud but clear as well. As the speakers feature a lightweight and comprehensive design, they are effortlessly portable to bring to anywhere.', 'Don’t let its tiny size fool you. The Sonos One offers powerful sounds that can carry even the most dynamically driven songs. Have your pick at your favourite voice assistant as the Sonos One provides support for both Alexa and Google Assistant. ', 'With the Sonos app and its integration of a plethora of streaming music services like Spotify and Google Play Music, control your music with just the sound of your voice. To top it off, the Sonos One also has the ability to blend in with the rest of the products in your smart home ecosystem.', 'The KEF LS50 Wireless Speakers are true active speakers with each of its drive units having a dedicated power amplifier to add extra oomph to your listening experience. These speakers generate sounds that are incredibly balanced tone-wise. Instrumental sounds are also layered harmoniously while vocals are delivered with passion. ', 'When it comes to the mids, it’s focused and clear, the bass is rich yet controlled, while the treble is impressively punchy. To top it off, the KEF LS50 is very flexible with regards to its connectivity options as there is an aux, optical and Type-B USB inputs, as well as a subwoofer out and an Ethernet port.']"
13,https://productnation.co/my/parenting/baby/20203/best-baby-bottle-malaysia/,11 Types of Baby Bottles for Stress-Free Easy Feeding,Violet Velu,https://productnation.co/my/author/Violet%20Velu/,2019-01-03 08:10:47,"['There is a steep learning curve for new parent responsibilities, and one of it is bottle- feeding a baby. With dozens of brands to choose from, it can be a daunting task to know exactly what kind of bottle is suitable.', 'That is why we have narrowed down the best baby bottles thanks to their practicability, god-send stellar design, smart innovation, and all-around user-friendliness.', 'No more nipple confusion from your baby. Comotomo Natural Feel Baby Bottle makes feeding simpler, giving breastfeeding moms more freedom without worrying about their little one getting insufficient milk and nutrients.', 'Comotomo’s wide, flexible and supple mound will ease your baby’s transition from breast to bottle, emulating a skin-to-skin nursing experience. Made as a leak-proof bottle, the body is also of the same soft medical-grade silicone as the bottle nipple, so your baby’s little hands can comfortably grip and hold onto it.', 'This bottle features a wide neck that’s designed for easy cleaning. As the bottle is free from BPA, phthalates and PVC, you can boil them without having to worry about harmful chemicals being released.', 'Prevent colic and relief your baby’s tummy discomfort with the Phillips AVENT Natural Range bottles, making feeding natural for both of you.', 'The bottle features a clinically-proven, anti-colic nipple that flexes to your baby’s feeding rhythm, which helps prevent trapped air in your baby’s tummy. Its unique valve on the extra-supple nipple makes it easy for your baby to latch on, as well as opening to release air into the bottle instead of being ingested by your baby.', 'Available in different sizes, this BPA-free bottle possesses a wide neck that eases cleaning and for easy assembling.', 'Dr. Brown’s Natural Flow bottles have an original vent system that vacuums air out of the bottle. This alleviates acid reflux, gas, colic and other irritable issues to a baby during feeding time.', 'Another amazing feature is how the bottle’s nipple venting creates a positive pressure flow to mimic natural breastfeeding movements. As air is vented out of the bottle, this maintains high levels of Vitamin A, E and C in the milk. Plus, as your baby’s feeding becomes more developed, there is always the convenient option of removing the vent.', 'TommeeTippee Essentials Easy-Grip Bottle is perfect for tiny hands! Its soft silicone body facilitates medium flow which lowers the risks of gas being ingested by your child. A BPA-free bottle, it is easy to fill and clean without any fuss.', 'The bottle also comes with a leak-proof hygiene cap for sealing the nipple, greatly easing your travels. No more worrying about messy spillage on your journey!', 'No more fumbling and measuring baby formula when you are on-the-go, as everything is clean, hygienic and ever-ready when needed with this mixer bottle. B.box Essential Baby Bottle lets you place the formula into the compartment that attaches to the bottom of the bottle. Then fill the bottle with water.', 'When it is feeding time, just press the release button to mix the drink, then shake the bottle and voila, a ready meal for your baby!', 'The bottle’s unique dual functionality allows it to be attached to a standard bottle by attaching the base cap to the bottom. However, its curved ergonomic bottle is recommended for use as it’s designed for better feeding. Free from BPA, phthalates and PVC, this bottle is dishwasher and sterilizer safe.', 'Parents will love this miracle, on-the-go feeding bottle. The Pigeon Slim Neck Weaning Bottle is convenient for one-handed feeding and comes with a leak-proof storage cap for spoon-sealing, making it ideal for travelling!', 'This soft-body bottle is also great for your baby’s first experience with a spoon, eliminating any fuss of scooping. Being able to hold up to 240 ml, you can ease the first stage of weaning with juice, soup or soft solids. With this, feeding in a car or plane is now easier without risking a mess afterwards.', 'Tinukim Hands Free Baby Bottle is a welcoming solution for today’s busy and on-the-go parents. The bottle is equipped with removable handles, essentially encouraging independent feeding. There is also a straw that runs through the bottle. Its nipple mimics that of a breast, allowing babies to comfortably switch to bottle feeding.', 'Featuring a double vent nipple, this keeps air out while promoting a comfortable feeding experience for your baby. The bottle adapts a unique flow system to allow your baby in managing the milk’s pace and flow. Designed to be leak-free, the bottle is clinically proven to reduce ear infections and other irritable issues that can cause discomfort to your baby.', 'Assist your baby in transitioning from a feeding bottle to a cup with this training bottle from Puku. This bottle has a food grade silicone nipple that is integrated with a flexible, anti-leakage straw to facilitate good air flow, thus preventing air ingesting which causes tummy discomfort.', 'Coming with a tight seal cover, this protects the nipple from any contact with foreign substances. The bottle is manufactured from premium glass that is both safe and heat resistant. Sporting an ergonomic design, it can fit into tiny hands while encouraging self-feeding.', 'Another special feature is the anti-dust cover for the nipple bottle. It is also decorated with a non-toxic print of a PUKU cartoon to amuse your baby.', 'When breastfeeding is not an option, Playtex Baby® Nurser with Drop-Ins is the best bottle alternative to achieve your feeding goals. Clinically proven and carefully designed, each aspect of this bottle system works to closely to mimic a mother’s feeding rhythm, ensuring the best, natural feeding experience.', 'Featuring a disposable, pre-sterilized soft liner, it gently collapses as a mother’s breast does while the baby feeds, preventing air from mixing into the milk and entering the baby’s tummy. This promotes air-free feeding to reduce colic.', 'Another reason to consider this bottle is its natural-latch nipple, which mimics the breast to ensure your baby can latch on and control the milk flow. This allows easy switching between breast and bottle.', 'Starting self-feeding can be a very exciting time for both you and your baby. Let Philips Avent Classic Plus Bottle be your little one’s first step to independence.', 'Having an easy-grip adjustable handle, the BPA-free bottle is made with an anti-colic air system which is integrated into the nipple. This helps prevent air ingestion, thus leaving your baby happy and full. With only 4 parts, it is also quick to assemble and easy to clean thoroughly.', 'The ThinkbabyThinkster Straw Bottle has an extra soft, medical grade silicon straw that eases your baby’s transition from a feeding bottle to a sippy cup. Its swivel top reduces chances of spillage while protecting the feeding straw from coming into contact with foreign substances.', 'The straw also features a cross-cut design to prevent zero leakage. To fit nicely into most cup holders, its easy-grip handles are designed to be removable. Since this bottle is free from BPA, phthalates, nitrosamines, lead PVC, PET and harmful biological harmful chemicals, parents do not have to worry about toxic chemicals leaking into the baby’s milk.']"
14,https://productnation.co/my/voucher-promo-coupon-codes-malaysia/22959/9-9-sales-malaysia/,Wanna Get Up to 99% Off Your Shopping? Here's How.,Karyn,https://productnation.co/my/author/karyn/,2019-01-22 08:29:18,"['', '', ""Approaching the end of the year means that we're heading into a period of sales, sales and more sales. And what's not to love about that? To kick things off, the 9.9 Online Shopping Day is definitely one that we are excited for. With discounts up to 99% in stored, we've gathered some of the best deals you'll find on this day. Check them out below!"", '', '', ""Back and better, this year's Shopee's 9.9 Super Shopping Day is set to be the largest ever with over 10,000 sellers, 120 brands, and 40 corporate partners on board."", 'From 27th August 2018 onwards, customers can enjoy special themed days every day leading up to the 9.9 Super Shopping Day. Flash deals, jaw-dropping discounts of up to 99% and lots of Shopee vouchers are also up for grabs throughout this period. Free shipping is also available!', 'Get on the Shopee app to participate in the Super Shopee Shake to also win lots of coins. For more information and to start shopping, visit shopee.com.my.', ""In conjunction with the 9.9 online shopping day on Shopee, we've searched the site for some of the best prices available. Check out our editors' top 5 tech picks under RM 30 below!"", '', '', 'BUY NOW', 'RM 30.00', 'This 10000mAh power bank has a unique built-in vibrating switch that you will have to shake to get it to start charging. This makes it easier to use. With the ability to automatically shut-off once your device is fully charged, it is also proven to be more reliable and safer. Furthermore, the built-in micro USB cable is highly compatible with most devices.', '', '', 'BUY NOW', 'RM 30.00', 'Easily charge all your devices and appliances with this power strip! With 3 anti-static AC sockets and 6 intelligent USB ports with the ability to automatically recognise USB peripherals and allocate current accordingly, it is truly multifunctional.', '', '', 'BUY NOW', 'From RM 24.90', ""This cordless mic comes with 2 high quality dual speakers, an in-built adjustable mixer and a USB port for easy charging or recording. It also features Bluetooth connectivity and is compatible with both iOS and Android smartphones. Highly functional yet simple to use, there's no wonder why this mic is all the rage these days!"", '', '', 'BUY NOW', 'RM 25.00', ""No need to skim on quality with JBL's C100SI headphones! With a frequency range of 20Hz to 20kHz, this headphone comes with 3 sizes of ear tips to fit most ears. It is also compatible with both iOS and Android devices."", '', '', 'BUY NOW', 'From RM 17.40', 'This microSD memory card is ideal for a wide range of devices that support SD memory card such as cameras, camcorders and laptops. It has excellent data transfer speeds, and even supports high-quality videos. Choose from a capacity of 16GB, 32GB, 64GB and 128GB. ', '', '', 'Buy 2 and get 25% off this 9.9 Super Shopping Day on Zalora! All orders also enjoy 30 days of free returns, a cash on delivery option and free delivery for orders over RM 75. Head over to zalora.com.my to start shopping!', '', '', ""Earn vouchers, take part in flash deals and enjoy lots of discounts on Lazada. With over 100 participating brands and discounts up to 90%, there won't be a better time to shop! Events are also taking place every day from 1st September 2018 onwards. For a detailed guide and to make sure you don't miss out on anything, visit lazada.com.my.""]"
15,https://productnation.co/my/eats/drinks/27516/best-cranberry-juice-malaysia/,These 8 Best Cranberry Juices Will Pump Your Body with Vitamins and Minerals,lirong,https://productnation.co/my/author/lirong/,2019-05-03 08:41:57,"[""Pure cranberry juice contains a wide array of vitamins, minerals, amino acids and beneficial lipids. There is a wide assortment of cranberry juice products in the market. Check out our list and choose the best one that'll suit your needs."", ""If you’re looking for a great mixer to go with your vodka, then this lightly carbonated cranberry beverage will hit the spot. It's processed to enhance your drink, giving it a refreshing and delicious taste. Additionally, it comes in a cute, pink Kanehei’s Piske and Usagi can."", 'This affordable product contains 20% of pure, concentrate cranberry and 2% of cranberry puree. Drinking a glass of The Berry Company’s Cranberry juice daily will help improve your metabolism, fortify your immune and digestive system. It also works to keep your kidneys healthy and will help get rid of any infections in the long run.', ""This 100% pure and organic cranberry juice from Lakewood is cold pressed to retain all the essential micronutrients. The juice is GMO-free with no added sugars, flavourings and preservatives. If you're looking to detox your body system, then one glass a day of this juice is all you need."", ""Eu Yan Sang’s Biotta Wild Mountain Cranberry is a unique formulation developed in Switzerland. It's made from pure wild mountain cranberries to combat bladder and urinary tract infections. These berries are higher in tannic acid and proanthocyanidins, compared to regular cranberries. Also, the recommended consumption of 100ml, three times daily will keep infections at bay."", ""Country Farms Organics Cranberry juice is made from freshly squeezed, organically grown Canadian cranberries. It utilises a patented cold press technique which preserves the essential goodness of the cranberries. There's no added colour, sugar or additives. Drinking this product daily will help maintain your health; keeping you young and energised."", 'This unsweetened cranberry juice from 21st Century is especially good for pregnant moms and people who have diabetes. With its low sugar content but high purity, a glass of this juice will help to avoid mucus build up in your bladder, flushing out and detoxing your system. Besides, it will help eliminate muscle cramps.', 'Drinking pure cranberry juice every day can prevent yeast infections. This premium product is made from 100% pure ripe North American cranberries that are pressed and bottled at Rabenhorst. There are only 4.8 grams of sugar per 100ml without any artificial flavourings.', 'Ocean Spray contains 27% pure and organic cranberry juice along with other extracts, sweeteners and flavourings to enhance its taste. This tasty beverage contains no wheat or high fructose corn syrup. It is ideal for making a killer cosmopolitan cocktail.']"
16,https://productnation.co/my/tech/computing/27649/best-electronics-to-buy-shopee-7-7-sale/,7 Electronics To Get Your Hands On During The Shopee 7.7 Orange Madness Sale,Karyn,https://productnation.co/my/author/karyn/,2019-06-25 08:15:50,"['There’s a sale in town and it’s not one to be missed!', ""We're seeing orange this season because Shopee’s 7.7. Orange Madness sale is truly all things mad personified. Running from 24th June - 7 July, it features high-valued products being sold at only RM0.77, mystery gifts priced at RM1, A LOT of Shopee coins and the all-new Shopee24 Express Delivery."", ' If you’re ready to start shopping, here’s in our opinion, the best deals to look out for!', 'CPU: Intel® Core™ i7 Processor | Graphics: UHD (3840 x 2160) IPS | Memory: 8 GB DDR4 (13"") / 16 GB DDR4  | Storage: 128GB PCIe SSD /256 GB PCIe SSD/512 GB PCIe SSD/1 TB PCIe SSD | Weight: 1.1kg (13"") / 1.55kg (14"")  ', 'Lightweight, slim, easily portable yet powerful - these are just some of the words to describe the Lenovo Ideapad 720s. Offering 7th generation Intel Core i7 processing, it sports performance abilities that will be able to keep up with your productivity levels. This laptop also delivers immersive audio and brilliant graphics, and comes with a fingerprint reader for swift yet convenient login. ', ""If you've not gotten an air fryer for your home, Tefal's Fry Delight FX1000 is a deal that you won't want passing you by. This fryer prepares crispy and tasty food using close to no oil to give you low-fat and healthier options. It also comes with grill, roast and bake features, adjustable temperature and parts that can be easily removed for thorough cleaning. "", ""With its DSP digital noise reduction, you can be assured that Redmi's Airdots will deliver the sound quality that you desire. It splits audio to both earbuds for a great wireless experience, and comes with a charging dock that offers 12 hours of battery life at full charge. "", ""Gaming on your phone has never been easier than with the Black Shark 2. This phone features the world's lowest latency touch and was ergonomically crafted to deliver extra grip and precise movements. Its sleek design makes it a pride to carry around, and a 5-minute charge is all you'll need to be able to game for another 30 minutes! Truly - by gamers, for gamers."", 'With several features to support a comfortable gaming experience, you can’t go wrong with the Black Shark 2. It features a great enhancement of the cooling system, a 6.39-inch AMOLED screen that’s almost bezel-less, as well as technology to enhance performance. Black Shark 2 will have you make most gamers green with envy.', ""Wired vacuum cleaners, move aside! This robotic one from Haier works to sweep, mop and even has a suction feature to vacuum your floor. It supports 90 minutes of non-stop cleaning and is smart enough to return to its charging dock on its own when it is low on battery. It also comes inbuilt with an advanced Detection Technology that will ensure it doesn't run into furnitures, obstacles or fall down stairs. "", ""This Panasonic grinder isn't a 2-in-1 product. Instead, it's a 6-in-1 product with the ability to blend, whip, dry grind, chop, wet grind and liquidize. A convenient cooking partner to have around, you can now whip up anything from tasty dishes to yummy baked goods with the help of this one device! "", ""The Realme 2 Pro is one of the rare phones that has an 8GB RAM for only slightly more than RM1000. Yet, the phone's affordability does not affect its performance, as this phone delivers just as other smartphones do. With 16MP (f/1.7) + 2MP (f/2.4) dual camera, it provides for pictures of excellent quality and even supports Face Unlocking. "", 'Excited yet? With payday just around the corner, we suggest you put aside some moolah for these babies. Also, be a smart shopper and use a Shopee promo code or two to save more on your shopping!']"
17,https://productnation.co/my/voucher-promo-coupon-codes-malaysia/27745/shopee-one-or-not-9-9/,9 Luxury Items You Can Buy For Only RM1 During This Sale,Patrick Loh,https://productnation.co/my/author/patrick/,2019-08-29 12:25:32,"['Buying a car, a motorcycle, a soundbar or vacuum cleaner for just RM 1 in this economy sounds too good to be true. But it sure is possible with Shopee’s One or Not sale in conjunction with their 9.9 Super Shopping Day campaign.', 'Starting today until 12 September, you can buy top branded products like Casio watches, JBL headphones and speakers, and even a Samsung phone - all with RM1. Start by choosing the featured products of the day on the Shopee App. Then, pay only RM 1 and wait patiently to be the chosen one at 12 pm the next day. You’ll get to go home with the product if you get lucky. If not, Shopee will refund you the money. Here’s a list of some of our favourites!', 'Bring this waterproof, portable Bluetooth speaker to your next pool party and play your favourite tunes in high-quality for up to five continuous hours. You can also use it as a speakerphone for crystal clear conference calls, as there are built-in noise- and echo-cancelling features. That aside, these speakers come in 12 vibrant colours to better suit your style.', 'This vacuum cleaner is built with a strong suction power to clean dust and dirt even from the tightest corners. Besides, it’s designed with a HEPA filter, making it ideal if you have asthma or other respiratory issues. Additionally, the device comes with a 0.8 litre transparent dust box; it’s easier for you to estimate when you need to empty the box.', ""There's no need to get a phone with hundreds of fancy features if you don't use them. This Samsung Galaxy A50 is built with 25MP rear camera and 25MP front camera. You can unlock your phone very quickly with the On-Screen Fingerprint feature as well."", 'This hand blender comes with an anti-splash blade guard that allows you to blend directly in the pan. Fret not; you will not scratch the sides or bottom of your pan.', 'There’s also a pair of whisk attachment that can make your bake work much more convenient. Additionally, the package comes with a chopper that can easily crush and mince onions, garlic, chocolate bars, nuts and herbs.', 'You don’t have to give up the delicious taste of fried food if you’re eating healthier. This air fryer uses up to 200 degrees Celsius to cook your food – ‘frying’ them without the need for cooking oil. It comes with adjustable thermostat temperature plus overheating protection. Additionally, the fryer is also built with the auto-shutdown feature for safety purposes.', ""This 3-in-1 blender from Sharp comes with glass jug for durability and efficiency. There's also a 600ml, BPA-free plastic container to store your blended smoothies and other juices. It has a safety lock feature to make sure nothing pops out when you're using the appliance."", 'Get yourself this pair of cool headphones from ASUS if you are a gamer. Apart from its stylish aesthetics, this pair of headphones will project real-life sound and audio. It also supports the PlayStation 4; just connect them via the 3.5mm jack on the DS4 controller.', 'Grind your fruits, make juices, purées and jams all with this Slow Juicer And Sauce Attachment from KitchenAid. It can be attached directly to your already existing KitchenAid mixer.', ""Steamboat and grilled meat, that's how Malaysians like it. This 2-in-1 non-stick pan grill and removable three-litre soup pot let you do just that at the comfort of your own home. You can adjust the temperature of the grill and pot separately, plus you can remove all the parts for easy cleaning when you’re done."", 'Besides these nine amazing products, there are plenty more high-end gadgets and appliances that might be of interest to you. Keep hitting that refresh button as products changes every day. Worry not if you run out of luck and are not able to purchase your favourite products. These Shopee Promo Code might help.', 'Disclaimer: The pricing shown is just a good indication of how much these products are worth. The prices could change based on the e-commerce promotions that are going on. If some of the products are not available, do email us at hello@productnation.co. Thank you!']"
18,https://productnation.co/my/home/24012/work-with-ease-thanks-to-these-7-drills/,Work with Ease Thanks to These 7 Drills,lirong,https://productnation.co/my/author/lirong/,2019-01-22 08:31:29,"['A hammer-and-nail method is good for working on softer materials but when it comes to harder materials, using a drill is the way to go. Not only will you be able to conserve your energy, but you can have total control over the depth and width of the hole which produces a nice, clean symmetrical hole.', 'If paired with the right accessories, a drill can function as another power tool. With that being said, it’s the one power accessory which every home should have. Depending on your needs, we’ve listed some of the best available drills below.', 'Core drilling requires precision with little vibration movement for the best results. Such a drill is the Bosch GSB 16RE with the TZ-6102 Drill Stand which is perfect for core drilling.', 'The Bosch GSB 16RE is the most powerful compact drill in its class which has been designed to work on almost any material. Precise drilling is made possible with the speed pre-selection setting wheel and electronic control speed trigger.', 'Also, its rotating brush plate allows for constant power whether in forward or reverse modes which are well suited for core drilling. When removed from its stand, the Bosch GSB 16RE makes a versatile stand-alone drill.', 'Dewalt’s D25012K Rotary Hammer Drill is a monster when it comes to drilling through bricks and concrete of up to 20mm. This drill features a vibration-reduced and overload-protected 650-watt motor that can churn out 8 ft/lbs of force.', 'With the right bit, you won’t have any problems drilling through concrete and other materials including metal and wood.  There’s also a variable speed trigger to allow you precise control, and the side handle can be adjusted to fit into tight places.', 'Black and Decker’s HD555KOPR is a 550W hammer drill that can be used for a wide range of applications. With an ergonomic design and 2-finger trigger, you won’t put too much strain on your hands when using this drill.', 'It can work well on just about any surface, with the variable speed motor being adjustable depending on the material being drilled.', 'The Bosch Go Solo Mini X Line Drill and Driver is a mini yet mighty marvel which is much more powerful than it looks. Despite being lightweight and easy to grip, this cordless drill is 4 times stronger than most drills in its size category.', 'With an extra strong battery and an intelligent E clutch that allows for a simple drill activation, it is extremely instinctive to use. The drill can be used on wood, metal and masonry.  ', 'If you need a powerful hammer drill, they don’t come much more powerful than this 790-Watt beast. The Bosch GBH 2-24 DRE Professional Rotary Hammer Drill ensures power, performance and durability.', 'This drill can be used for drilling, chiselling and hammering with a monstrous max steel drilling diameter of 30 mm. It can be used on a variety of materials including wood, metal, masonry and even stainless-steel with the correct bit attached.', 'Metal and aluminium can be tricky to drill. You’d need a steady hand and the right drill to do the job. In that case, you can trust the PU-PM3, a high torque 16mm hand drill with a unique spade-shaped handle, to give you greater control and accuracy when drilling.', 'Its 670-watt motor pumps out 6 feet per pound of torque, allowing you to drill with precision even on tough metal surfaces such as hardened steel or aluminium. The motor has been designed to last even when used for heavy loads with a built-in auto stop.', 'If you want, swapping out the drill bits lets you work on other surfaces such as wood and masonry. You can even use it as a mixer with the correct extension.', 'Cordless drills are great when you don’t want the hassle of cords and electrical extensions getting in your way. Although not as powerful as a drill, but they are functional during a blackout as well as without a plug.', 'The Bosch GSR-180Li 18V Cordless Drill and Screwdriver is a powerful cordless drill that utilises an 18V lithium-ion cell battery and is designed to work longer and harder than many generic cordless drills.', 'It features a powerful motor with changeable carbon brushes for easy maintenance. With an LED power balance indicator and a 2-speed gearbox to optimize torque according to usage, this drill is a real winner.']"
19,https://productnation.co/my/lifestyle/12757/cool-products-buy-online-shopee/,20 Shopee Products We Are Loving Right Now!,Jeannie,https://productnation.co/my/author/jeannie/,2019-01-03 08:09:38,"['We love online shopping. You can easily find useful, interesting and random things that you never knew you needed. From a self-stirring mug to an inflatable sofa bed, we’ve covered some of the cool and quirky products that you can find on Shopee!', 'Personalize your own mug with LEGO pieces with this cool build-on brick mug. Impress your colleagues with your unique creation, all you have to do is to just get your own LEGO pieces, and build away!', 'Your bank account won’t forgive you if you get the hefty priced GoPro, but you need an action camera for your next trip? This affordable alternative is your pick! It captures in HD 1080, it’s also waterproof, dustproof and shockproof!', 'Ease your next beach or picnic trip with this inflatable sofa bed. It’s perfect for camping, BBQ gatherings or even just indoors. Easy to inflate and deflate, portable and convenient!', 'Stop wasting your time untangling your earphones with this cable organizer that’s also a screen cleaner! This dual-function product can help wind your earphones and wipe down your screen if there are any annoying fingerprints or stains.', 'With this mobile stand, your life will become a lot easier. You can use it to catch up on your favourite drama series in bed, clip it in your car when you need to use GPS, or even have it by your desk for easy e-book reading!', 'After using this self-stirring mug, you will never go back to using teaspoons. It’s convenient, easy to use, and the best part? It won’t spill or splash!', 'Do we even need a description for this? Meme-ify yourself with this fun and quirky eyewear and release your inner thug life! Who knows, you might even go viral!', ""No more excuses to skip on your green juice now with this portable blender! Its compact size makes portability a dream, and it's rechargeable so you can make juice anytime, anywhere."", 'Love singing in the shower? This waterproof Bluetooth speaker is going to change your life! This tiny but mighty speaker is easy to bring around, even to pool parties or to the shower.', 'Enjoy a nice cup of cappuccino in the comfort of your own home with this mini frother. It’s easy to use, and you can even use it as an egg whisk for quick and easy scrambled eggs!', 'No boyfriend or girlfriend to snuggle with? This elephant sleeping pillow is here to spoon you with its soft and squishy material that is sure to put you to deep sleep!', 'Japanese food is delicious but expensive. If you love sushi but don’t want to go broke, why not make your own? With the help of this sushi roll maker, you can have your very own homemade maki!', 'More: We Found 20 Practical Kitchen Gizmos below RM10 on Shopee', 'Clear glasses that are cat-shaped? Enough said. Add some cuteness to your look instantly with these cat-shaped frames!', 'Neat and organizing freaks on high alert! This storage rack will make your life a lot easier, and give extra fridge storage space.', 'Surprise the diehard Marvel fanatic of your life with this Marvel-themed car key remote cover case! Choose between Captain America, Iron Man, The Hulk and other Marvel superheroes for a cool new remote case.', 'If your kids are notoriously picky eaters, this frying pan might help. You can create a kitten-shaped omelette or sunny-side up without fail with this pan!', 'Have some ‘me time’ and unwind in a bubble bath, with a glass of wine and Netflix. This bathtub caddy makes your dreams of eating and catching up on your favourite drama series while soaking in a bubble bath come true!', 'Have a safer and easier drive with this magnetic phone holder. Just attach it to your car’s AC vent, place your phone on the magnetic surface, and you’re ready to start your journey!', 'More: Spice Up Your Home With These 16 Décor Pieces', 'No oven? No worries! Fast, convenient and compact, the Trio Cupcake Maker is your no muss, no fuss machine to make cupcakes in a jiffy! With the non-stick coating, clean-up is also made easy with this cupcake maker. ', 'End the night with a glass of wine, or two, with this cool and amusing wine bottle holder. It’s a great decorative piece, and it’s also conversation starter!']"
